MSN,Description,Unit,Energy type,sector,source,Cleanliness,categories,renewability
ABICB,Aviation gasoline blending components consumed by the industrial sector.,Billion Btu,aviation gasoline,industrial,secondary energy,unclean energy,fossil fuel energy,
ABICP,Aviation gasoline blending components consumed by the industrial sector.,Thousand barrels,aviation gasoline,industrial,secondary energy,unclean energy,fossil fuel energy,
ARICB,Asphalt and road oil consumed by the industrial sector.,Billion Btu,asphalt and road oil,industrial,secondary energy,unclean energy,fossil fuel energy,
ARICD,Asphalt and road oil price in the industrial sector.,Dollars per million Btu,asphalt and road oil,industrial,secondary energy,unclean energy,fossil fuel energy,
ARICP,Asphalt and road oil consumed by the industrial sector.,Thousand barrels,asphalt and road oil,industrial,secondary energy,unclean energy,fossil fuel energy,
ARICV,Asphalt and road oil expenditures in the industrial sector.,Million dollars,asphalt and road oil,industrial,secondary energy,unclean energy,fossil fuel energy,
ARTCB,Asphalt and road oil total consumption.,Billion Btu,asphalt and road oil,total,secondary energy,unclean energy,fossil fuel energy,
ARTCD,"Asphalt and road oil average price, all sectors.",Dollars per million Btu,asphalt and road oil,,secondary energy,unclean energy,fossil fuel energy,
ARTCP,Asphalt and road oil total consumption.,Thousand barrels,asphalt and road oil,total,secondary energy,unclean energy,fossil fuel energy,
ARTCV,Asphalt and road oil total expenditures.,Million dollars,asphalt and road oil,total,secondary energy,unclean energy,fossil fuel energy,
ARTXB,Asphalt and road oil total end-use consumption.,Billion Btu,asphalt and road oil,total,secondary energy,unclean energy,fossil fuel energy,
ARTXD,"Asphalt and road oil average price, all end-use sectors.",Dollars per million Btu,asphalt and road oil,end-use,secondary energy,unclean energy,fossil fuel energy,
ARTXP,Asphalt and road oil total end-use consumption.,Thousand barrels,asphalt and road oil,total,secondary energy,unclean energy,fossil fuel energy,
ARTXV,Asphalt and road oil total end-use expenditures.,Million dollars,asphalt and road oil,total,secondary energy,unclean energy,fossil fuel energy,
AVACB,Aviation gasoline consumed by the transportation sector.,Billion Btu,aviation gasoline,transportation,secondary energy,unclean energy,fossil fuel energy,
AVACD,Aviation gasoline price in the transportation sector.,Dollars per million Btu,aviation gasoline,transportation,secondary energy,unclean energy,fossil fuel energy,
AVACP,Aviation gasoline consumed by the transportation sector.,Thousand barrels,aviation gasoline,transportation,secondary energy,unclean energy,fossil fuel energy,
AVACV,Aviation gasoline expenditures in the transportation sector.,Million dollars,aviation gasoline,transportation,secondary energy,unclean energy,fossil fuel energy,
AVTCB,Aviation gasoline total consumption.,Billion Btu,aviation gasoline,total,secondary energy,unclean energy,fossil fuel energy,
AVTCD,"Aviation gasoline average price, all sectors.",Dollars per million Btu,aviation gasoline,,secondary energy,unclean energy,fossil fuel energy,
AVTCP,Aviation gasoline total consumption.,Thousand barrels,aviation gasoline,total,secondary energy,unclean energy,fossil fuel energy,
AVTCV,Aviation gasoline total expenditures.,Million dollars,aviation gasoline,total,secondary energy,unclean energy,fossil fuel energy,
AVTXB,Aviation gasoline total end-use consumption.,Billion Btu,aviation gasoline,total,secondary energy,unclean energy,fossil fuel energy,
AVTXD,"Aviation gasoline average price, all end-use sectors.",Dollars per million Btu,aviation gasoline,end-use,secondary energy,unclean energy,fossil fuel energy,
AVTXP,Aviation gasoline total end-use consumption.,Thousand barrels,aviation gasoline,total,secondary energy,unclean energy,fossil fuel energy,
AVTXV,Aviation gasoline total end-use expenditures.,Million dollars,aviation gasoline,total,secondary energy,unclean energy,fossil fuel energy,
BMTCB,Biomass total consumption,Billion Btu,biomass,total,primary energy,clean energy,biomass,renewable
CCEXB,Coal coke exported from the United States.,Billion Btu,coal,,secondary energy,unclean energy,fossil fuel energy,
CCEXD,"Coal coke exports average price, United States.",Dollars per million Btu,coal,,secondary energy,unclean energy,fossil fuel energy,
CCEXP,Coal coke exported from the United States.,Thousand short tons,coal,,secondary energy,unclean energy,fossil fuel energy,
CCEXV,"Coal coke exports expenditures, United States.",Million dollars,coal,,secondary energy,unclean energy,fossil fuel energy,
CCIMB,Coal coke imported into the United States.,Billion Btu,coal,,secondary energy,unclean energy,fossil fuel energy,
CCIMD,"Coal coke imports average price, United States.",Dollars per million Btu,coal,,secondary energy,unclean energy,fossil fuel energy,
CCIMP,Coal coke imported into the United States.,Thousand short tons,coal,,secondary energy,unclean energy,fossil fuel energy,
CCIMV,"Coal coke imports expenditures, United States.",Million dollars,coal,,secondary energy,unclean energy,fossil fuel energy,
CCNIB,Coal coke net imports into the United States.,Billion Btu,coal,,secondary energy,unclean energy,fossil fuel energy,
CCNIP,Coal coke net imports into the United States.,Thousand short tons,coal,,secondary energy,unclean energy,fossil fuel energy,
CCNIV,"Coal coke net imports expenditures, United States.",Million dollars,coal,,secondary energy,unclean energy,fossil fuel energy,
CLACB,Coal consumed by the transportation sector.,Billion Btu,coal,transportation,secondary energy,unclean energy,fossil fuel energy,
CLACD,Coal price in the transportation sector.,Dollars per million Btu,coal,transportation,secondary energy,unclean energy,fossil fuel energy,
CLACK,Factor for converting coal consumed by the transportation sector from physical units to Btu.,Million Btu per short ton,coal,transportation,secondary energy,unclean energy,fossil fuel energy,
CLACP,Coal consumed by the transportation sector.,Thousand short tons,coal,transportation,secondary energy,unclean energy,fossil fuel energy,
CLACV,Coal expenditures in the transportation sector.,Million dollars,coal,transportation,secondary energy,unclean energy,fossil fuel energy,
CLCCB,Coal consumed by the commercial sector.,Billion Btu,coal,commercial,secondary energy,unclean energy,fossil fuel energy,
CLCCD,Coal price in the commercial sector.,Dollars per million Btu,coal,commercial,secondary energy,unclean energy,fossil fuel energy,
CLCCP,Coal consumed by the commercial sector.,Thousand short tons,coal,commercial,secondary energy,unclean energy,fossil fuel energy,
CLCCV,Coal expenditures in the commercial sector.,Million dollars,coal,commercial,secondary energy,unclean energy,fossil fuel energy,
CLEIB,Coal consumed by the electric power sector.,Billion Btu,coal,electric power,secondary energy,unclean energy,fossil fuel energy,
CLEID,Coal price in the electric power sector.,Dollars per million Btu,coal,electric power,secondary energy,unclean energy,fossil fuel energy,
CLEIK,Factor for converting coal consumed by the electric power sector from physical units to Btu.,Million Btu per short ton,coal,electric power,secondary energy,unclean energy,fossil fuel energy,
CLEIP,Coal consumed by the electric power sector.,Thousand short tons,coal,electric power,secondary energy,unclean energy,fossil fuel energy,
CLEIV,Coal expenditures in the electric power sector.,Million dollars,coal,electric power,secondary energy,unclean energy,fossil fuel energy,
CLHCK,Factor for converting coal consumed by the residential and commercial sectors from physical units to Btu.,Million Btu per short ton,coal,commercial,secondary energy,unclean energy,fossil fuel energy,
CLICB,Coal consumed by the industrial sector.,Billion Btu,coal,industrial,secondary energy,unclean energy,fossil fuel energy,
CLICD,Coal price in the industrial sector.,Million dollars,coal,industrial,secondary energy,unclean energy,fossil fuel energy,
CLICP,Coal consumed by the industrial sector.,Thousand short tons,coal,industrial,secondary energy,unclean energy,fossil fuel energy,
CLICV,Coal expenditures in the industrial sector.,Million dollars,coal,industrial,secondary energy,unclean energy,fossil fuel energy,
CLKCB,Coal consumed at coke plants (coking coal).,Billion Btu,coal,,secondary energy,unclean energy,fossil fuel energy,
CLKCD,Coal price at coke plants.,Dollars per million Btu,coal,,secondary energy,unclean energy,fossil fuel energy,
CLKCK,Factor for converting coal carbonized at coke plants from physical units to Btu.,Million Btu per short ton,coal,,secondary energy,unclean energy,fossil fuel energy,
CLKCP,Coal consumed at coke plants (coking coal).,Thousand short tons,coal,,secondary energy,unclean energy,fossil fuel energy,
CLKCV,Coal expenditures at coke plants.,Million dollars,coal,,secondary energy,unclean energy,fossil fuel energy,
CLOCB,Coal consumed by industrial users other than coke plants.,Billion Btu,coal,industrial,secondary energy,unclean energy,fossil fuel energy,
CLOCD,Coal price in the industrial sector other than coke plants.,Dollars per million Btu,coal,industrial,secondary energy,unclean energy,fossil fuel energy,
CLOCK,Factor for converting coal consumed by industrial users other than coke plants from physical units to Btu.,Million Btu per short ton,coal,industrial,secondary energy,unclean energy,fossil fuel energy,
CLOCP,Coal consumed by industrial users other than coke plants.,Thousand short tons,coal,industrial,secondary energy,unclean energy,fossil fuel energy,
CLOCV,Coal expenditures in the industrial sector other than coke plants.,Million dollars,coal,industrial,secondary energy,unclean energy,fossil fuel energy,
CLOSB,Coal consumed by the industrial sector excluding refinery fuel.,Billion Btu,coal,industrial,secondary energy,unclean energy,fossil fuel energy,
CLPRB,Coal production.,Billion Btu,coal,,secondary energy,unclean energy,fossil fuel energy,
CLPRK,Factor for converting coal production from physical units to Btu.,Million Btu per short ton,coal,,secondary energy,unclean energy,fossil fuel energy,
CLPRP,Coal production.,Thousand short tons,coal,,secondary energy,unclean energy,fossil fuel energy,
CLRCB,Coal consumed by the residential sector.,Billion Btu,coal,residential,secondary energy,unclean energy,fossil fuel energy,
CLRCD,Coal price in the residential sector.,Dollars per million Btu,coal,residential,secondary energy,unclean energy,fossil fuel energy,
CLRCP,Coal consumed by the residential sector.,Thousand short tons,coal,residential,secondary energy,unclean energy,fossil fuel energy,
CLRCV,Coal expenditures in the residential sector.,Million dollars,coal,residential,secondary energy,unclean energy,fossil fuel energy,
CLRFB,Coal consumed as refinery fuel.,Billion Btu,coal,,secondary energy,unclean energy,fossil fuel energy,
CLTCB,Coal total consumption.,Billion Btu,coal,total,secondary energy,unclean energy,fossil fuel energy,
CLTCD,"Coal average price, all sectors.",Dollars per million Btu,coal,,secondary energy,unclean energy,fossil fuel energy,
CLTCP,Coal total consumption.,Thousand short tons,coal,total,secondary energy,unclean energy,fossil fuel energy,
CLTCV,Coal total expenditures.,Million dollars,coal,total,secondary energy,unclean energy,fossil fuel energy,
CLTXB,Coal total end-use consumption.,Billion Btu,coal,total,secondary energy,unclean energy,fossil fuel energy,
CLTXD,"Coal average price, all end-use sectors.",Dollars per million Btu,coal,end-use,secondary energy,unclean energy,fossil fuel energy,
CLTXP,Coal total end-use consumption.,Thousand barrels,coal,total,secondary energy,unclean energy,fossil fuel energy,
CLTXV,Coal total end-use expenditures.,Million dollars,coal,total,secondary energy,unclean energy,fossil fuel energy,
CLXCD,Coal average price for all sectors excluding refinery fuel.,Dollars per million Btu,coal,,secondary energy,unclean energy,fossil fuel energy,
CLXCV,Coal expenditures for all sectors excluding refinery fuel.,Million dollars,coal,,secondary energy,unclean energy,fossil fuel energy,
COICB,Crude oil consumed by the industrial sector.,Billion Btu,crude oil,industrial,primary energy,unclean energy,fossil fuel energy,non-renewable
COICP,Crude oil consumed by the industrial sector.,Thousand barrels,crude oil,industrial,primary energy,unclean energy,fossil fuel energy,non-renewable
COPRK,Factor for converting crude oil production from physical units to Btu.,Million Btu per barrel,crude oil,,primary energy,unclean energy,fossil fuel energy,non-renewable
DFACB,Distillate fuel oil consumed by the transportation sector.,Billion Btu,distillate fuel oil,transportation,secondary energy,unclean energy,fossil fuel energy,
DFACD,Distillate fuel oil price in the transportation sector.,Dollars per million Btu,distillate fuel oil,transportation,secondary energy,unclean energy,fossil fuel energy,
DFACP,Distillate fuel oil consumed by the transportation sector.,Thousand barrels,distillate fuel oil,transportation,secondary energy,unclean energy,fossil fuel energy,
DFACV,Distillate fuel oil expenditures in the transportation sector.,Million dollars,distillate fuel oil,transportation,secondary energy,unclean energy,fossil fuel energy,
DFCCB,Distillate fuel oil consumed by the commercial sector.,Billion Btu,distillate fuel oil,commercial,secondary energy,unclean energy,fossil fuel energy,
DFCCD,Distillate fuel oil price in the commercial sector.,Dollars per million Btu,distillate fuel oil,commercial,secondary energy,unclean energy,fossil fuel energy,
DFCCP,Distillate fuel oil consumed by the commercial sector.,Thousand barrels,distillate fuel oil,commercial,secondary energy,unclean energy,fossil fuel energy,
DFCCV,Distillate fuel oil expenditures in the commercial sector.,Million dollars,distillate fuel oil,commercial,secondary energy,unclean energy,fossil fuel energy,
DFEID,Distillate fuel oil price in the electric power sector.,Dollars per million Btu,distillate fuel oil,electric power,secondary energy,unclean energy,fossil fuel energy,
DFEIV,Distillate fuel oil expenditures in the electric power sector.,Million dollars,distillate fuel oil,electric power,secondary energy,unclean energy,fossil fuel energy,
DFICB,Distillate fuel oil consumed by the industrial sector.,Billion Btu,distillate fuel oil,industrial,secondary energy,unclean energy,fossil fuel energy,
DFICD,Distillate fuel oil price in the industrial sector.,Dollars per million Btu,distillate fuel oil,industrial,secondary energy,unclean energy,fossil fuel energy,
DFICP,Distillate fuel oil consumed by the industrial sector.,Thousand barrels,distillate fuel oil,industrial,secondary energy,unclean energy,fossil fuel energy,
DFICV,Distillate fuel oil expenditures in the industrial sector.,Million dollars,distillate fuel oil,industrial,secondary energy,unclean energy,fossil fuel energy,
DFISB,Distillate fuel oil consumed by the industrial sector excluding refinery fuel.,Billion Btu,distillate fuel oil,industrial,secondary energy,unclean energy,fossil fuel energy,
DFRCB,Distillate fuel oil consumed by the residential sector.,Billion Btu,distillate fuel oil,residential,secondary energy,unclean energy,fossil fuel energy,
DFRCD,Distillate fuel oil price in the residential sector.,Dollars per million Btu,distillate fuel oil,residential,secondary energy,unclean energy,fossil fuel energy,
DFRCP,Distillate fuel oil consumed by the residential sector.,Thousand barrels,distillate fuel oil,residential,secondary energy,unclean energy,fossil fuel energy,
DFRCV,Distillate fuel oil expenditures in the residential sector.,Million dollars,distillate fuel oil,residential,secondary energy,unclean energy,fossil fuel energy,
DFRFB,Distillate fuel oil consumed as refinery fuel.,Billion Btu,distillate fuel oil,,secondary energy,unclean energy,fossil fuel energy,
DFTCB,Distillate fuel oil total consumption.,Billion Btu,distillate fuel oil,total,secondary energy,unclean energy,fossil fuel energy,
DFTCD,"Distillate fuel oil average price, all sectors.",Dollars per million Btu,distillate fuel oil,,secondary energy,unclean energy,fossil fuel energy,
DFTCP,Distillate fuel oil total consumption.,Thousand barrels,distillate fuel oil,total,secondary energy,unclean energy,fossil fuel energy,
DFTCV,Distillate fuel oil total expenditures.,Million dollars,distillate fuel oil,total,secondary energy,unclean energy,fossil fuel energy,
DFTXB,Distillate fuel oil total end-use consumption.,Billion Btu,distillate fuel oil,total,secondary energy,unclean energy,fossil fuel energy,
DFTXD,"Distillate fuel oil average price, all end-use sectors.",Dollars per million Btu,distillate fuel oil,end-use,secondary energy,unclean energy,fossil fuel energy,
DFTXP,Distillate fuel oil total end-use consumption.,Thousand barrels,distillate fuel oil,total,secondary energy,unclean energy,fossil fuel energy,
DFTXV,Distillate fuel oil total end-use expenditures.,Million dollars,distillate fuel oil,total,secondary energy,unclean energy,fossil fuel energy,
DKEIB,Distillate fuel oil and kerosene-type jet fuel consumed by the electric power sector.,Billion Btu,distillate fuel oil,electric power,secondary energy,unclean energy,fossil fuel energy,
DKEID,Distillate fuel oil and kerosene-type jet fuel average price in the electric power sector.,Dollars per million Btu,distillate fuel oil,electric power,secondary energy,unclean energy,fossil fuel energy,
DKEIP,Distillate fuel oil and kerosene-type jet fuel consumed by the electric power sector.,Thousand barrels,distillate fuel oil,electric power,secondary energy,unclean energy,fossil fuel energy,
DKEIV,Distillate fuel oil and kerosene-type jet fuel expenditures in the electric power sector.,Million dollars,distillate fuel oil,electric power,secondary energy,unclean energy,fossil fuel energy,
ELEXB,Electricity exported from the United States.,Billion Btu,electricity,,secondary energy,clean energy,,
ELEXD,Electricity exports average price.,Dollars per million Btu,electricity,,secondary energy,clean energy,,
ELEXP,Electricity exported from the United States.,Million kilowatthours,electricity,,secondary energy,clean energy,,
ELEXV,Electricity exports expenditures.,Million dollars,electricity,,secondary energy,clean energy,,
ELIMB,Electricity imported into the United States.,Billion Btu,electricity,,secondary energy,clean energy,,
ELIMD,Electricity imports average price.,Dollars per million Btu,electricity,,secondary energy,clean energy,,
ELIMP,Electricity imported into the United States.,Million kilowatthours,electricity,,secondary energy,clean energy,,
ELIMV,Electricity imports expenditures.,Million dollars,electricity,,secondary energy,clean energy,,
ELISB,Net interstate sales of electricity and associated losses (negative and positive values).,Billion Btu,electricity,,secondary energy,clean energy,,
ELNIB,Net imports of electricity into the United States.,Billion Btu,electricity,,secondary energy,clean energy,,
ELNIP,Net imports of electricity into the United States.,Million kilowatthours,electricity,,secondary energy,clean energy,,
EMACB,"Fuel ethanol, excluding denaturant, consumed by the transportation sector.",Billion Btu,fuel ethanol,transportation,secondary energy,clean energy,fossil fuel energy,
EMACV,"Fuel ethanol, excluding denaturant, expenditures in the transportation sector.",Million dollars,fuel ethanol,transportation,secondary energy,clean energy,fossil fuel energy,
EMCCB,"Fuel ethanol, excluding denaturant, consumed by the commercial sector",Billion Btu,fuel ethanol,commercial,secondary energy,clean energy,fossil fuel energy,
EMCCV,"Fuel ethanol, excluding denaturant, expenditures in the commercial sector.",Million dollars,fuel ethanol,commercial,secondary energy,clean energy,fossil fuel energy,
EMFDB,Biomass inputs (feedstock) for the production of fuel ethanol.,Billion Btu,fuel ethanol,,primary energy,clean energy,biomass,renewable
EMICB,"Fuel ethanol, excluding denaturant, consumed by the industrial sector.",Billion Btu,fuel ethanol,industrial,secondary energy,clean energy,fossil fuel energy,
EMICV,"Fuel ethanol, excluding denaturant, expenditures in the industrial sector.",Million dollars,fuel ethanol,industrial,secondary energy,clean energy,fossil fuel energy,
EMLCB,Energy losses and co-products from the production of fuel ethanol.,Billion Btu,fuel ethanol,,secondary energy,clean energy,fossil fuel energy,
EMTCB,"Fuel ethanol, excluding denaturant, total consumption.",Billion Btu,fuel ethanol,total,secondary energy,clean energy,fossil fuel energy,
EMTCP,"Fuel ethanol, excluding denaturant, total consumption.",Thousand barrels,fuel ethanol,total,secondary energy,clean energy,fossil fuel energy,
EMTCV,"Fuel ethanol, excluding denaturant, total expenditures.",Million dollars,fuel ethanol,total,secondary energy,clean energy,fossil fuel energy,
ENACP,"Fuel ethanol, including denaturant, consumed by the transportation sector.",Thousand barrels,fuel ethanol,transportation,secondary energy,clean energy,fossil fuel energy,
ENCCP,"Fuel ethanol, including denaturant, consumed by the commercial sector.",Thousand barrels,fuel ethanol,commercial,secondary energy,clean energy,fossil fuel energy,
ENICP,"Fuel ethanol, including denaturant, consumed by the industrial sector.",Thousand barrels,fuel ethanol,industrial,secondary energy,clean energy,fossil fuel energy,
ENPRP,"Fuel ethanol production, including denaturant.",Thousand barrels,fuel ethanol,,secondary energy,clean energy,fossil fuel energy,
ENTCK,Factor for converting fuel ethanol consumption from physical units to Btu.,Million Btu per barrel,fuel ethanol,,secondary energy,clean energy,fossil fuel energy,
ENTCP,"Fuel ethanol, including denaturant, total consumption.",Thousand barrels,fuel ethanol,total,secondary energy,clean energy,fossil fuel energy,
ESACB,"Electricity consumed by (i.e., sold to) the transportation sector.",Billion Btu,electricity,transportation,secondary energy,clean energy,,
ESACD,Electricity price in the transportation sector.,Dollars per million Btu,electricity,transportation,secondary energy,clean energy,,
ESACP,"Electricity consumed by (i.e., sold to) the transportation sector.",Million kilowatthours,electricity,transportation,secondary energy,clean energy,,
ESACV,Electricity expenditures in the transportation sector.,Million dollars,electricity,transportation,secondary energy,clean energy,,
ESCCB,"Electricity consumed by (i.e., sold to) the commercial sector.",Billion Btu,electricity,commercial,secondary energy,clean energy,,
ESCCD,Electricity price in the commercial sector.,Dollars per million Btu,electricity,commercial,secondary energy,clean energy,,
ESCCP,"Electricity consumed by (i.e., sold to) the commercial sector.",Million kilowatthours,electricity,commercial,secondary energy,clean energy,,
ESCCV,Electricity expenditures in the commercial sector.,Million dollars,electricity,commercial,secondary energy,clean energy,,
ESICB,"Electricity consumed by (i.e., sold to) the industrial sector.",Billion Btu,electricity,industrial,secondary energy,clean energy,,
ESICD,Electricity price in the industrial sector.,Dollars per million Btu,electricity,industrial,secondary energy,clean energy,,
ESICP,"Electricity consumed by (i.e., sold to) the industrial sector.",Million kilowatthours,electricity,industrial,secondary energy,clean energy,,
ESICV,Electricity expenditures in the industrial sector.,Million dollars,electricity,industrial,secondary energy,clean energy,,
ESISB,Electricity sales to the industrial sector excluding refinery use.,Billion Btu,electricity,industrial,secondary energy,clean energy,,
ESRCB,"Electricity consumed by (i.e., sold to) the residential sector.",Billion Btu,electricity,residential,secondary energy,clean energy,,
ESRCD,Electricity price in the residential sector.,Dollars per million Btu,electricity,residential,secondary energy,clean energy,,
ESRCP,"Electricity consumed by (i.e., sold to) the residential sector.",Million kilowatthours,electricity,residential,secondary energy,clean energy,,
ESRCV,Electricity expenditures in the residential sector.,Million dollars,electricity,residential,secondary energy,clean energy,,
ESRFB,Electricity consumed by refineries.,Billion Btu,electricity,,secondary energy,clean energy,,
ESTCB,"Electricity total consumption (i.e., sold).",Billion Btu,electricity,total,secondary energy,clean energy,,
ESTCD,"Electricity average price, all sectors.",Dollars per million Btu,electricity,,secondary energy,clean energy,,
ESTCP,"Electricity total consumption (i.e., sold).",Million kilowatthours,electricity,total,secondary energy,clean energy,,
ESTCV,Electricity total expenditures.,Million dollars,electricity,total,secondary energy,clean energy,,
ESTXB,"Electricity total end-use consumption (i.e., sold).",Billion Btu,electricity,total,secondary energy,clean energy,,
ESTXD,"Electricity average price, all end-use sectors.",Dollars per million Btu,electricity,end-use,secondary energy,clean energy,,
ESTXP,"Electricity total end-use consumption (i.e., sold).",Thousand barrels,electricity,total,secondary energy,clean energy,,
ESTXV,Electricity total end-use expenditures.,Million dollars,electricity,total,secondary energy,clean energy,,
FFETK,"Fossil fueled steam-electric power plant conversion factor, United States only.",Thousand Btu per kilowatthour,fossil fuel,electric power,,,fossil fuel energy,non-renewable
FFTCB,"Fossil fuelS, total consumption.",Billion Btu,fossil fuel,total,,,fossil fuel energy,non-renewable
FNICB,"Petrochemical feedstocks, naphtha less than 401 degrees F, consumed by the industrial sector.",Billion Btu,petrochemical feedstocks,industrial,secondary energy,unclean energy,fossil fuel energy,
FNICD,"Petrochemical feedstocks, naphtha less than 401 F, price in the industrial sector.",Dollars per million Btu,petrochemical feedstocks,industrial,secondary energy,unclean energy,fossil fuel energy,
FNICP,"Petrochemical feedstocks, naphtha less than 401 degrees F, consumed by the industrial sector.",Thousand barrels,petrochemical feedstocks,industrial,secondary energy,unclean energy,fossil fuel energy,
FNICV,"Petrochemical feedstocks, naphtha less than 401 F, expenditures in the industrial sector.",Million dollars,petrochemical feedstocks,industrial,secondary energy,unclean energy,fossil fuel energy,
FOICB,"Petrochemical feedstocks, other oils equal to or greater than 401 degrees F, consumed by the industrial sector.",Billion Btu,petrochemical feedstocks,industrial,secondary energy,unclean energy,fossil fuel energy,
FOICD,"Petrochemical feedstocks, other oils equal to or greater than 401 degrees F, price in the industrial sector.",Dollars per million Btu,petrochemical feedstocks,industrial,secondary energy,unclean energy,fossil fuel energy,
FOICP,"Petrochemical feedstocks, other oils equal to or greater than 401 degrees F, consumed by the industrial sector.",Thousand barrels,petrochemical feedstocks,industrial,secondary energy,unclean energy,fossil fuel energy,
FOICV,"Petrochemical feedstocks, other oils equal to or greater than 401 degrees F, expenditures in the industrial sector.",Million dollars,petrochemical feedstocks,industrial,secondary energy,unclean energy,fossil fuel energy,
FSICB,"Petrochemical feedstocks, still gas, consumed by the industrial sector.",Billion Btu,petrochemical feedstocks,industrial,secondary energy,unclean energy,fossil fuel energy,
FSICD,"Petrochemical feedstocks, still gas, price in the industrial sector.",Dollars per million Btu,petrochemical feedstocks,industrial,secondary energy,unclean energy,fossil fuel energy,
FSICP,"Petrochemical feedstocks, still gas, consumed by the industrial sector.",Thousand barrels,petrochemical feedstocks,industrial,secondary energy,unclean energy,fossil fuel energy,
FSICV,"Petrochemical feedstocks, still gas, expenditures in the industrial sector.",Million dollars,petrochemical feedstocks,industrial,secondary energy,unclean energy,fossil fuel energy,
GDPRV,Current-dollar gross domestic product.,Million dollars,,,,,,
GDPRX,Real gross domestic product.,Million chained (2005) dollars,,,,,,
GECCB,Direct use of geothermal energy and heat pumps in the commercial sector.,Billion Btu,heat pumps,commercial,,,,
GEEGB,Electricity produced from geothermal energy by the electric power sector.,Billion Btu,electricity,electric power,secondary energy,clean energy,,
GEEGP,Electricity produced from geothermal energy by the electric power sector.,Million kilowatthours,electricity,electric power,secondary energy,clean energy,,
GEICB,Direct use of geothermal energy and heat pumps in the industrial sector.,Billion Btu,heat pumps,industrial,,,,
GERCB,Direct use of geothermal energy and heat pumps in the residential sector.,Billion Btu,heat pumps,residential,,,,
GETCB,Geothermal energy total consumption.,Billion Btu,,total,,,,
GETXB,Geothermal total end-use consumption.,Billion Btu,,total,,,,
GOCCB,Geothermal energy and hydroelectricity consumed in the commercial sector.,Billion Btu,electricity,commercial,secondary energy,clean energy,,
GORCB,Geothermal and solar energy consumed in the residential sector.,Billion Btu,,residential,,,,
HYCCB,Hydroelectricity produced in the commercial sector.,Billion Btu,electricity,commercial,secondary energy,clean energy,,
HYCCP,Hydroelectricity produced in the commercial sector.,Million kilowatthours,electricity,commercial,secondary energy,clean energy,,
HYEGB,Hydroelectricity produced by the electric power sector.,Billion Btu,electricity,electric power,secondary energy,clean energy,,
HYEGP,Hydroelectricity produced by the electric power sector.,Million kilowatthours,electricity,electric power,secondary energy,clean energy,,
HYICB,Hydroelectricity produced in the industrial sector.,Billion Btu,electricity,industrial,secondary energy,clean energy,,
HYICP,Hydroelectricity produced in the industrial sector.,Million kilowatthours,electricity,industrial,secondary energy,clean energy,,
HYTCB,Hydroelectricity total production.,Billion Btu,electricity,total,secondary energy,clean energy,,
HYTCP,Hydroelectricity total production.,Million kilowatthours,electricity,total,secondary energy,clean energy,,
HYTXB,Hydroelectricity produced by the end-use sectors.,Billion Btu,electricity,end-use,secondary energy,clean energy,,
HYTXP,Hydroelectricity produced by the end-use sectors.,Million kilowatthours,electricity,end-use,secondary energy,clean energy,,
JFACB,Jet fuel consumed by the transportation sector.,Billion Btu,jet fuel,transportation,secondary energy,unclean energy,fossil fuel energy,
JFACD,Jet fuel price in the transportation sector.,Dollars per million Btu,jet fuel,transportation,secondary energy,unclean energy,fossil fuel energy,
JFACP,Jet fuel consumed by the transportation sector.,Thousand barrels,jet fuel,transportation,secondary energy,unclean energy,fossil fuel energy,
JFACV,Jet fuel expenditures in the transportation sector.,Million dollars,jet fuel,transportation,secondary energy,unclean energy,fossil fuel energy,
JFTCB,Jet fuel total consumption.,Billion Btu,jet fuel,total,secondary energy,unclean energy,fossil fuel energy,
JFTCD,"Jet fuel average price, all sectors.",Dollars per million Btu,jet fuel,,secondary energy,unclean energy,fossil fuel energy,
JFTCP,Jet fuel total consumption.,Thousand barrels,jet fuel,total,secondary energy,unclean energy,fossil fuel energy,
JFTCV,Jet fuel total expenditures.,Million dollars,jet fuel,total,secondary energy,unclean energy,fossil fuel energy,
JFTXB,Jet fuel total end-use consumption.,Billion Btu,jet fuel,total,secondary energy,unclean energy,fossil fuel energy,
JFTXD,"Jet fuel average price, all end-use sectors.",Dollars per million Btu,jet fuel,end-use,secondary energy,unclean energy,fossil fuel energy,
JFTXP,Jet fuel total end-use consumption.,Thousand barrels,jet fuel,total,secondary energy,unclean energy,fossil fuel energy,
JFTXV,Jet fuel total end-use expenditures.,Million dollars,jet fuel,total,secondary energy,unclean energy,fossil fuel energy,
JKACB,Kerosene-type jet fuel consumed by the transportation sector.,Billion Btu,jet fuel,transportation,secondary energy,unclean energy,fossil fuel energy,
JKACP,Kerosene-type jet fuel consumed by the transportation sector.,Thousand barrels,jet fuel,transportation,secondary energy,unclean energy,fossil fuel energy,
JKTCB,Kerosene-type jet fuel total consumption.,Billion Btu,jet fuel,total,secondary energy,unclean energy,fossil fuel energy,
JKTCP,Kerosene-type jet fuel total consumption.,Thousand barrels,jet fuel,total,secondary energy,unclean energy,fossil fuel energy,
JNACB,Naphtha-type jet fuel consumed by the transportation sector.,Billion Btu,jet fuel,transportation,secondary energy,unclean energy,fossil fuel energy,
JNACP,Naphtha-type jet fuel consumed by the transportation sector.,Thousand barrels,jet fuel,transportation,secondary energy,unclean energy,fossil fuel energy,
JNTCB,Naphtha-type jet fuel total consumption.,Billion Btu,jet fuel,total,secondary energy,unclean energy,fossil fuel energy,
JNTCP,Naphtha-type jet fuel total consumption.,Thousand barrels,jet fuel,total,secondary energy,unclean energy,fossil fuel energy,
KSCCB,Kerosene consumed by the commercial sector.,Billion Btu,kerosene,commercial,secondary energy,unclean energy,fossil fuel energy,
KSCCD,Kerosene price in the commercial sector.,Dollars per million Btu,kerosene,commercial,secondary energy,unclean energy,fossil fuel energy,
KSCCP,Kerosene consumed by the commercial sector.,Thousand barrels,kerosene,commercial,secondary energy,unclean energy,fossil fuel energy,
KSCCV,Kerosene expenditures in the commercial sector.,Million dollars,kerosene,commercial,secondary energy,unclean energy,fossil fuel energy,
KSICB,Kerosene consumed by the industrial sector.,Billion Btu,kerosene,industrial,secondary energy,unclean energy,fossil fuel energy,
KSICD,Kerosene price in the industrial sector.,Dollars per million Btu,kerosene,industrial,secondary energy,unclean energy,fossil fuel energy,
KSICP,Kerosene consumed by the industrial sector.,Thousand barrels,kerosene,industrial,secondary energy,unclean energy,fossil fuel energy,
KSICV,Kerosene expenditures in the industrial sector.,Million dollars,kerosene,industrial,secondary energy,unclean energy,fossil fuel energy,
KSRCB,Kerosene consumed by the residential sector.,Billion Btu,kerosene,residential,secondary energy,unclean energy,fossil fuel energy,
KSRCD,Kerosene price in the residential sector.,Dollars per million Btu,kerosene,residential,secondary energy,unclean energy,fossil fuel energy,
KSRCP,Kerosene consumed by the residential sector.,Thousand barrels,kerosene,residential,secondary energy,unclean energy,fossil fuel energy,
KSRCV,Kerosene expenditures in the residential sector.,Million dollars,kerosene,residential,secondary energy,unclean energy,fossil fuel energy,
KSTCB,Kerosene total consumption.,Billion Btu,kerosene,total,secondary energy,unclean energy,fossil fuel energy,
KSTCD,"Kerosene average price, all sectors.",Dollars per million Btu,kerosene,,secondary energy,unclean energy,fossil fuel energy,
KSTCP,Kerosene total consumption.,Thousand barrels,kerosene,total,secondary energy,unclean energy,fossil fuel energy,
KSTCV,Kerosene total expenditures.,Million dollars,kerosene,total,secondary energy,unclean energy,fossil fuel energy,
KSTXB,Kerosene total end-use consumption.,Billion Btu,kerosene,total,secondary energy,unclean energy,fossil fuel energy,
KSTXD,"Kerosene average price, all end-use sectors.",Dollars per million Btu,kerosene,end-use,secondary energy,unclean energy,fossil fuel energy,
KSTXP,Kerosene total end-use consumption.,Thousand barrels,kerosene,total,secondary energy,unclean energy,fossil fuel energy,
KSTXV,Kerosene total end-use expenditures.,Million dollars,kerosene,total,secondary energy,unclean energy,fossil fuel energy,
LGACB,LPG consumed by the transportation sector.,Billion Btu,lpg,transportation,secondary energy,unclean energy,fossil fuel energy,
LGACD,LPG price in the transportation sector.,Dollars per million Btu,lpg,transportation,secondary energy,unclean energy,fossil fuel energy,
LGACP,LPG consumed by the transportation sector.,Thousand barrels,lpg,transportation,secondary energy,unclean energy,fossil fuel energy,
LGACV,LPG expenditures in the transportation sector.,Million dollars,lpg,transportation,secondary energy,unclean energy,fossil fuel energy,
LGCCB,LPG consumed by the commercial sector.,Billion Btu,lpg,commercial,secondary energy,unclean energy,fossil fuel energy,
LGCCD,LPG price in the commercial sector.,Dollars per million Btu,lpg,commercial,secondary energy,unclean energy,fossil fuel energy,
LGCCP,LPG consumed by the commercial sector.,Thousand barrels,lpg,commercial,secondary energy,unclean energy,fossil fuel energy,
LGCCV,LPG expenditures in the commercial sector.,Million dollars,lpg,commercial,secondary energy,unclean energy,fossil fuel energy,
LGICB,LPG consumed by the industrial sector.,Billion Btu,lpg,industrial,secondary energy,unclean energy,fossil fuel energy,
LGICD,LPG price in the industrial sector.,Dollars per million Btu,lpg,industrial,secondary energy,unclean energy,fossil fuel energy,
LGICP,LPG consumed by the industrial sector.,Thousand barrels,lpg,industrial,secondary energy,unclean energy,fossil fuel energy,
LGICV,LPG expenditures in the industrial sector.,Million dollars,lpg,industrial,secondary energy,unclean energy,fossil fuel energy,
LGISB,LPG consumed in the industrial sector excluding refinery fuel.,Billion Btu,lpg,industrial,secondary energy,unclean energy,fossil fuel energy,
LGRCB,LPG consumed by the residential sector.,Billion Btu,lpg,residential,secondary energy,unclean energy,fossil fuel energy,
LGRCD,LPG price in the residential sector.,Dollars per million Btu,lpg,residential,secondary energy,unclean energy,fossil fuel energy,
LGRCP,LPG consumed by the residential sector.,Thousand barrels,lpg,residential,secondary energy,unclean energy,fossil fuel energy,
LGRCV,LPG expenditures in the residential sector.,Million dollars,lpg,residential,secondary energy,unclean energy,fossil fuel energy,
LGRFB,LPG consumed as refinery fuel.,Billion Btu,lpg,,secondary energy,unclean energy,fossil fuel energy,
LGTCB,LPG total consumption.,Billion Btu,lpg,total,secondary energy,unclean energy,fossil fuel energy,
LGTCD,"LPG average price, all sectors.",Dollars per million Btu,lpg,,secondary energy,unclean energy,fossil fuel energy,
LGTCK,"Factor for converting LPG physical units to Btu, United States only.",Million Btu per barrel,lpg,,secondary energy,unclean energy,fossil fuel energy,
LGTCP,LPG total consumption.,Thousand barrels,lpg,total,secondary energy,unclean energy,fossil fuel energy,
LGTCV,LPG total expenditures.,Million dollars,lpg,total,secondary energy,unclean energy,fossil fuel energy,
LGTXB,LPG total end-use consumption.,Billion Btu,lpg,total,secondary energy,unclean energy,fossil fuel energy,
LGTXD,"LPG average price, all end-use sectors.",Dollars per million Btu,lpg,end-use,secondary energy,unclean energy,fossil fuel energy,
LGTXP,LPG total end-use consumption.,Thousand barrels,lpg,total,secondary energy,unclean energy,fossil fuel energy,
LGTXV,LPG total end-use expenditures.,Million dollars,lpg,total,secondary energy,unclean energy,fossil fuel energy,
LOACB,The transportation sector's share of electrical system energy losses.,Billion Btu,,transportation,,,,
LOCCB,The commercial sector's share of electrical system energy losses.,Billion Btu,,commercial,,,,
LOICB,The industrial sector's share of electrical system energy losses.,Billion Btu,,industrial,,,,
LORCB,The residential sector's share of electrical system energy losses.,Billion Btu,,residential,,,,
LOTCB,Total electrical system energy losses.,Billion Btu,,total,,,,
LOTXB,Total electrical system energy losses allocated to the end-use sectors.,Billion Btu,,total,,,,
LUACB,Lubricants consumed by the transportation sector.,Billion Btu,lubricants,transportation,secondary energy,unclean energy,fossil fuel energy,
LUACD,Lubricants price in the transportation sector.,Dollars per million Btu,lubricants,transportation,secondary energy,unclean energy,fossil fuel energy,
LUACP,Lubricants consumed by the transportation sector.,Thousand barrels,lubricants,transportation,secondary energy,unclean energy,fossil fuel energy,
LUACV,Lubricants expenditures in the transportation sector.,Million dollars,lubricants,transportation,secondary energy,unclean energy,fossil fuel energy,
LUICB,Lubricants consumed by the industrial sector.,Billion Btu,lubricants,industrial,secondary energy,unclean energy,fossil fuel energy,
LUICD,Lubricants price in the industrial sector.,Dollars per million Btu,lubricants,industrial,secondary energy,unclean energy,fossil fuel energy,
LUICP,Lubricants consumed by the industrial sector.,Thousand barrels,lubricants,industrial,secondary energy,unclean energy,fossil fuel energy,
LUICV,Lubricants expenditures in the industrial sector.,Million dollars,lubricants,industrial,secondary energy,unclean energy,fossil fuel energy,
LUTCB,Lubricants total consumption.,Billion Btu,lubricants,total,secondary energy,unclean energy,fossil fuel energy,
LUTCD,"Lubricants average price, all sectors.",Dollars per million Btu,lubricants,,secondary energy,unclean energy,fossil fuel energy,
LUTCP,Lubricants total consumption.,Thousand barrels,lubricants,total,secondary energy,unclean energy,fossil fuel energy,
LUTCV,"Lubricants average price, all sectors.",Million dollars,lubricants,,secondary energy,unclean energy,fossil fuel energy,
LUTXB,Lubricants total end-use consumption.,Billion Btu,lubricants,total,secondary energy,unclean energy,fossil fuel energy,
LUTXD,"Lubricants average price, all end-use sectors.",Dollars per million Btu,lubricants,end-use,secondary energy,unclean energy,fossil fuel energy,
LUTXP,Lubricants total end-use consumption.,Thousand barrels,lubricants,total,secondary energy,unclean energy,fossil fuel energy,
LUTXV,Lubricants total end-use expenditures.,Million dollars,lubricants,total,secondary energy,unclean energy,fossil fuel energy,
MBICB,Motor gasoline blending components consumed by the industrial sector.,Billion Btu,motor gasoline,industrial,secondary energy,unclean energy,fossil fuel energy,
MBICP,Motor gasoline blending components consumed by the industrial sector.,Thousand barrels,motor gasoline,industrial,secondary energy,unclean energy,fossil fuel energy,
MGACB,Motor gasoline consumed by the transportation sector.,Billion Btu,motor gasoline,transportation,secondary energy,unclean energy,fossil fuel energy,
MGACD,Motor gasoline price in the transportation sector.,Dollars per million Btu,motor gasoline,transportation,secondary energy,unclean energy,fossil fuel energy,
MGACP,Motor gasoline consumed by the transportation sector.,Thousand barrels,motor gasoline,transportation,secondary energy,unclean energy,fossil fuel energy,
MGACV,Motor gasoline expenditures in the transportation sector.,Million dollars,motor gasoline,transportation,secondary energy,unclean energy,fossil fuel energy,
MGCCB,Motor gasoline consumed by the commercial sector.,Billion Btu,motor gasoline,commercial,secondary energy,unclean energy,fossil fuel energy,
MGCCD,Motor gasoline price in the commercial sector.,Dollars per million Btu,motor gasoline,commercial,secondary energy,unclean energy,fossil fuel energy,
MGCCP,Motor gasoline consumed by the commercial sector.,Thousand barrels,motor gasoline,commercial,secondary energy,unclean energy,fossil fuel energy,
MGCCV,Motor gasoline expenditures in the commercial sector.,Million dollars,motor gasoline,commercial,secondary energy,unclean energy,fossil fuel energy,
MGICB,Motor gasoline consumed by the industrial sector.,Billion Btu,motor gasoline,industrial,secondary energy,unclean energy,fossil fuel energy,
MGICD,Motor gasoline price in the industrial sector.,Dollars per million Btu,motor gasoline,industrial,secondary energy,unclean energy,fossil fuel energy,
MGICP,Motor gasoline consumed by the industrial sector.,Thousand barrels,motor gasoline,industrial,secondary energy,unclean energy,fossil fuel energy,
MGICV,Motor gasoline expenditures in the industrial sector.,Million dollars,motor gasoline,industrial,secondary energy,unclean energy,fossil fuel energy,
MGTCB,Motor gasoline total consumption.,Billion Btu,motor gasoline,total,secondary energy,unclean energy,fossil fuel energy,
MGTCD,"Motor gasoline average price, all sectors.",Dollars per million Btu,motor gasoline,,secondary energy,unclean energy,fossil fuel energy,
MGTCK,"Factor converting motor gasoline physical units to Btu, United States only.",Million Btu per barrel,motor gasoline,,secondary energy,unclean energy,fossil fuel energy,
MGTCP,Motor gasoline total consumption.,Thousand barrels,motor gasoline,total,secondary energy,unclean energy,fossil fuel energy,
MGTCV,Motor gasoline total expenditures.,Million dollars,motor gasoline,total,secondary energy,unclean energy,fossil fuel energy,
MGTXB,Motor gasoline total end-use consumption.,Billion Btu,motor gasoline,total,secondary energy,unclean energy,fossil fuel energy,
MGTXD,"Motor gasoline average price, all end-use sectors.",Dollars per million Btu,motor gasoline,end-use,secondary energy,unclean energy,fossil fuel energy,
MGTXP,Motor gasoline total end-use consumption.,Thousand barrels,motor gasoline,total,secondary energy,unclean energy,fossil fuel energy,
MGTXV,Motor gasoline total end-use expenditures.,Million dollars,motor gasoline,total,secondary energy,unclean energy,fossil fuel energy,
MMTCB,Motor gasoline total consumption excluding fuel ethanol.,Billion Btu,fuel ethanol,total,secondary energy,clean energy,fossil fuel energy,
MSICB,Miscellaneous petroleum products consumed by the industrial sector.,Billion Btu,,industrial,,,,
MSICD,Miscellaneous petroleum products price in the industrial sector.,Dollars per million Btu,,industrial,,,,
MSICP,Miscellaneous petroleum products consumed by the industrial sector.,Thousand barrels,,industrial,,,,
MSICV,Miscellaneous petroleum products expenditures in the industrial sector.,Million dollars,,industrial,,,,
NAICB,Natural gasoline consumed by the industrial sector.,Billion Btu,natural gasoline,industrial,secondary energy,unclean energy,fossil fuel energy,
NAICP,Natural gasoline consumed by the industrial sector.,Thousand barrels,natural gasoline,industrial,secondary energy,unclean energy,fossil fuel energy,
NGACB,Natural gas consumed by the transportation sector.,Billion Btu,natural gas,transportation,primary energy,clean energy,fossil fuel energy,non-renewable
NGACD,Natural gas price in the transportation sector.,Dollars per million Btu,natural gas,transportation,primary energy,clean energy,fossil fuel energy,non-renewable
NGACP,Natural gas consumed by the transportation sector.,Million cubic feet,natural gas,transportation,primary energy,clean energy,fossil fuel energy,non-renewable
NGACV,Natural gas expenditures in the transportation sector.,Million dollars,natural gas,transportation,primary energy,clean energy,fossil fuel energy,non-renewable
NGCCB,Natural gas consumed by (delivered to) the commercial sector (including supplemental gaseous fuels).,Billion Btu,natural gas,commercial,primary energy,clean energy,fossil fuel energy,non-renewable
NGCCD,Natural gas price in the commercial sector (including supplemental gaseous fuels).,Dollars per million Btu,natural gas,commercial,primary energy,clean energy,fossil fuel energy,non-renewable
NGCCP,Natural gas consumed by (delivered to) the commercial sector (including supplemental gaseous fuels).,Million cubic feet,natural gas,commercial,primary energy,clean energy,fossil fuel energy,non-renewable
NGCCV,Natural gas expenditures in the commercial sector (including supplemental gaseous fuels).,Million dollars,natural gas,commercial,primary energy,clean energy,fossil fuel energy,non-renewable
NGEIB,Natural gas consumed by the electric power sector (including supplemental gaseous fuels).,Billion Btu,natural gas,electric power,primary energy,clean energy,fossil fuel energy,non-renewable
NGEID,Natural gas price in the electric power sector (including supplemental gaseous fuels).,Dollars per million Btu,natural gas,electric power,primary energy,clean energy,fossil fuel energy,non-renewable
NGEIK,Factor for converting natural gas consumed by the electric power sector from physical units to Btu.,Thousand Btu per cubic foot,natural gas,electric power,primary energy,clean energy,fossil fuel energy,non-renewable
NGEIP,Natural gas consumed by the electric power sector (including supplemental gaseous fuels).,Million cubic feet,natural gas,electric power,primary energy,clean energy,fossil fuel energy,non-renewable
NGEIV,Natural gas expenditures in the electric power sector (including supplemental gaseous fuels).,Million dollars,natural gas,electric power,primary energy,clean energy,fossil fuel energy,non-renewable
NGICB,Natural gas consumed by (delivered to) the industrial sector (including supplemental gaseous fuels).,Billion Btu,natural gas,industrial,primary energy,clean energy,fossil fuel energy,non-renewable
NGICD,Natural gas price in the industrial sector (including supplemental gaseous fuels).,Dollars per million Btu,natural gas,industrial,primary energy,clean energy,fossil fuel energy,non-renewable
NGICP,Natural gas consumed by (delivered to) the industrial sector (including supplemental gaseous fuels).,Million cubic feet,natural gas,industrial,primary energy,clean energy,fossil fuel energy,non-renewable
NGICV,Natural gas expenditures in the industrial sector (including supplemental gaseous fuels).,Million dollars,natural gas,industrial,primary energy,clean energy,fossil fuel energy,non-renewable
NGISB,Natural gas consumed by the industrial sector excluding refinery fuel (including supplemental gaseous fuels).,Billion Btu,natural gas,industrial,primary energy,clean energy,fossil fuel energy,non-renewable
NGLPB,Natural gas consumed as lease and plant fuel.,Billion Btu,natural gas,,primary energy,clean energy,fossil fuel energy,non-renewable
NGLPP,Natural gas consumed as lease and plant fuel.,Million cubic feet,natural gas,,primary energy,clean energy,fossil fuel energy,non-renewable
NGMPB,Natural gas marketed production.,Billion Btu,natural gas,,primary energy,clean energy,fossil fuel energy,non-renewable
NGMPK,Conversion factor for natural gas marketed production.,Thousand Btu per cubic feet,natural gas,,primary energy,clean energy,fossil fuel energy,non-renewable
NGMPP,Natural gas marketed production.,Million cubic feet,natural gas,,primary energy,clean energy,fossil fuel energy,non-renewable
NGPZB,Natural gas consumed as pipeline fuel.,Billion Btu,natural gas,,primary energy,clean energy,fossil fuel energy,non-renewable
NGPZP,Natural gas consumed as pipeline fuel.,Million cubic feet,natural gas,,primary energy,clean energy,fossil fuel energy,non-renewable
NGRCB,Natural gas consumed by (delivered to) the residential sector (including supplemental gaseous fuels).,Billion Btu,natural gas,residential,primary energy,clean energy,fossil fuel energy,non-renewable
NGRCD,Natural gas price in the residential sector (including supplemental gaseous fuels).,Dollars per million Btu,natural gas,residential,primary energy,clean energy,fossil fuel energy,non-renewable
NGRCP,Natural gas consumed by (delivered to) the residential sector (including supplemental gaseous fuels).,Million cubic feet,natural gas,residential,primary energy,clean energy,fossil fuel energy,non-renewable
NGRCV,Natural gas expenditures in the residential sector (including supplemental gaseous fuels).,Million dollars,natural gas,residential,primary energy,clean energy,fossil fuel energy,non-renewable
NGRFB,Natural gas consumed as refinery fuel (including supplemental gaseous fuels).,Billion Btu,natural gas,,primary energy,clean energy,fossil fuel energy,non-renewable
NGTCB,Natural gas total consumption (including supplemental gaseous fuels).,Billion Btu,natural gas,total,primary energy,clean energy,fossil fuel energy,non-renewable
NGTCD,"Natural gas average price, all sectors (including supplemental gaseous fuels).",Dollars per million Btu,natural gas,,primary energy,clean energy,fossil fuel energy,non-renewable
NGTCK,Factor for converting natural gas total consumption from physical units to Btu.,Thousand Btu per cubic foot,natural gas,total,primary energy,clean energy,fossil fuel energy,non-renewable
NGTCP,Natural gas total consumption (including supplemental gaseous fuels).,Million cubic feet,natural gas,total,primary energy,clean energy,fossil fuel energy,non-renewable
NGTCV,Natural gas total expenditures (including supplemental gaseous fuels).,Million dollars,natural gas,total,primary energy,clean energy,fossil fuel energy,non-renewable
NGTXB,Natural gas total end-use consumption (including supplemental gaseous fuels).,Billion Btu,natural gas,total,primary energy,clean energy,fossil fuel energy,non-renewable
NGTXD,"Natural gas average price, all end-use sectors (including supplemental gaseous fuels).",Dollars per million Btu,natural gas,end-use,primary energy,clean energy,fossil fuel energy,non-renewable
NGTXK,Factor for converting natural gas consumed by all sectors other than electric power from physical units to Btu.,Thousand Btu per cubic foot,natural gas,electric power,primary energy,clean energy,fossil fuel energy,non-renewable
NGTXP,Natural gas total end-use consumption (including supplemental gaseous fuels).,Million cubic feet,natural gas,total,primary energy,clean energy,fossil fuel energy,non-renewable
NGTXV,Natural gas total end-use expenditures (including supplemental gaseous fuels).,Million dollars,natural gas,total,primary energy,clean energy,fossil fuel energy,non-renewable
NGVHB,Natural gas consumed as vehicle fuel.,Billion Btu,natural gas,,primary energy,clean energy,fossil fuel energy,non-renewable
NGVHP,Natural gas consumed as vehicle fuel.,Million cubic feet,natural gas,,primary energy,clean energy,fossil fuel energy,non-renewable
NNACB,Natural gas consumed by the transportation sector.  (Code used in SEDS 2006.),Billion Btu,natural gas,transportation,primary energy,clean energy,fossil fuel energy,non-renewable
NNCCB,Natural gas consumed by (delivered to) the commercial sector (excluding supplemental gaseous fuels).  (Code used in SEDS 2006.),Billion Btu,natural gas,commercial,primary energy,clean energy,fossil fuel energy,non-renewable
NNEIB,Natural gas consumed by the electric power sector (excluding supplemental gaseous fuels).  (Code used in SEDS 2006.),Billion Btu,natural gas,electric power,primary energy,clean energy,fossil fuel energy,non-renewable
NNICB,Natural gas consumed by (delivered to) the industrial sector (excluding supplemental gaseous fuels).  (Code used in SEDS 2006.),Billion Btu,natural gas,industrial,primary energy,clean energy,fossil fuel energy,non-renewable
NNRCB,Natural gas consumed by (delivered to) the residential sector (excluding supplemental gaseous fuels).  (Code used in SEDS 2006.),Billion Btu,natural gas,residential,primary energy,clean energy,fossil fuel energy,non-renewable
NNTCB,Natural gas total consumption (excluding supplemental gaseous fuels).,Billion Btu,natural gas,total,primary energy,clean energy,fossil fuel energy,non-renewable
NUEGB,Electricity produced from nuclear power by the electric power sector.,Billion Btu,electricity,electric power,secondary energy,clean energy,,
NUEGD,Nuclear fuel price in the electric power sector.,Dollars per million Btu,nuclear fuel,electric power,primary energy,clean energy,nuclear energy,non-renewable
NUEGP,Electricity produced from nuclear power by the electric power sector.,Million kilowatthours,electricity,electric power,secondary energy,clean energy,,
NUEGV,Nuclear fuel expenditures in the electric power sector.,Million dollars,nuclear fuel,electric power,primary energy,clean energy,nuclear energy,non-renewable
NUETB,Electricity produced from nuclear power.,Billion Btu,electricity,,secondary energy,clean energy,,
NUETD,"Nuclear fuel average price, all sectors.",Dollars per million Btu,nuclear fuel,,primary energy,clean energy,nuclear energy,non-renewable
NUETK,"Factor for converting electricity produced from nuclear power from physical units to Btu, United States only.",Thousand Btu per kilowatthour,electricity,,secondary energy,clean energy,,
NUETP,Electricity produced from nuclear power.,Million kilowatthours,electricity,,secondary energy,clean energy,,
NUETV,Nuclear fuel total expenditures.,Million dollars,nuclear fuel,total,primary energy,clean energy,nuclear energy,non-renewable
P1ICB,"Asphalt and road oil, kerosene, lubricants, and ""other petroleum products"" consumed by the industrial sector.",Billion Btu,asphalt and road oil,industrial,secondary energy,unclean energy,fossil fuel energy,
P1ICD,"Asphalt and road oil, kerosene, lubricants, and ""other petroleum products"" average price in the  industrial sector.",Dollars per million Btu,asphalt and road oil,industrial,secondary energy,unclean energy,fossil fuel energy,
P1ICP,"Asphalt and road oil, kerosene, lubricants, and ""other petroleum products"" consumed by the industrial sector.",Thousand barrels,asphalt and road oil,industrial,secondary energy,unclean energy,fossil fuel energy,
P1ICV,"Asphalt and road oil, kerosene, lubricants, and ""other petroleum products"" expenditures in the  industrial sector.",Million dollars,asphalt and road oil,industrial,secondary energy,unclean energy,fossil fuel energy,
P1TCB,"Asphalt and road oil, aviation gasoline, kerosene, lubricants, and ""other petroleum products"" total consumption.",Billion Btu,aviation gasoline,total,secondary energy,unclean energy,fossil fuel energy,
P1TCD,"Asphalt and road oil, aviation gasoline, kerosene, lubricants, and ""other petroleum products"" average price, all sectors.",Dollars per million Btu,aviation gasoline,,secondary energy,unclean energy,fossil fuel energy,
P1TCP,"Asphalt and road oil, aviation gasoline, kerosene, lubricants, and ""other petroleum products"" total consumption.",Thousand barrels,aviation gasoline,total,secondary energy,unclean energy,fossil fuel energy,
P1TCV,"Asphalt and road oil, aviation gasoline, kerosene, lubricants, and ""other petroleum products"" total expenditures.",Million dollars,aviation gasoline,total,secondary energy,unclean energy,fossil fuel energy,
P1TXB,"Asphalt and road oil, aviation gasoline, kerosene, lubricants, and ""other petroleum products"" total end-use consumption.",Billion Btu,aviation gasoline,total,secondary energy,unclean energy,fossil fuel energy,
P1TXD,"Asphalt and road oil, aviation gasoline, kerosene, lubricants, and ""other petroleum products"" average price, all end-use sectors.",Dollars per million Btu,aviation gasoline,end-use,secondary energy,unclean energy,fossil fuel energy,
P1TXP,"Asphalt and road oil, aviation gasoline, kerosene, lubricants, and ""other petroleum products"" total end-use consumption.",Thousand barrels,aviation gasoline,total,secondary energy,unclean energy,fossil fuel energy,
P1TXV,"Asphalt and road oil, aviation gasoline, kerosene, lubricants, and ""other petroleum products"" total end-use expenditures.",Million dollars,aviation gasoline,total,secondary energy,unclean energy,fossil fuel energy,
P5RFB,"Other petroleum products (SG and PC consumed as process fuel and AB, MB, PP, and UO consumed as intermediate products).",Billion Btu,other petroleum products,,secondary energy,unclean energy,fossil fuel energy,
PAACB,All petroleum products consumed by the transportation sector.,Billion Btu,all petroleum products,transportation,secondary energy,unclean energy,fossil fuel energy,
PAACD,All petroleum products average price in the transportation sector.,Dollars per million Btu,all petroleum products,transportation,secondary energy,unclean energy,fossil fuel energy,
PAACK,"Factor for converting all petroleum products consumed by the transportation sector from physical units to Btu, United States only.",Million Btu per barrel,all petroleum products,transportation,secondary energy,unclean energy,fossil fuel energy,
PAACP,All petroleum products consumed by the transportation sector.,Thousand barrels,all petroleum products,transportation,secondary energy,unclean energy,fossil fuel energy,
PAACV,All petroleum products total expenditures in the transportation sector.,Million dollars,all petroleum products,transportation,secondary energy,unclean energy,fossil fuel energy,
PACCB,All petroleum products consumed by the commercial sector.,Billion Btu,all petroleum products,commercial,secondary energy,unclean energy,fossil fuel energy,
PACCD,All petroleum products average price in the commercial sector.,Dollars per million Btu,all petroleum products,commercial,secondary energy,unclean energy,fossil fuel energy,
PACCK,"Factor for converting all petroleum products consumed by the commercial sector from physical units to Btu, United States only.",Million Btu per barrel,all petroleum products,commercial,secondary energy,unclean energy,fossil fuel energy,
PACCP,All petroleum products consumed by the commercial sector.,Thousand barrels,all petroleum products,commercial,secondary energy,unclean energy,fossil fuel energy,
PACCV,All petroleum products total expenditures in the commercial sector.,Million dollars,all petroleum products,commercial,secondary energy,unclean energy,fossil fuel energy,
PAEIB,All petroleum products consumed by the electric power sector.,Billion Btu,all petroleum products,electric power,secondary energy,unclean energy,fossil fuel energy,
PAEID,All petroleum products average price in the electric power sector.,Dollars per million Btu,all petroleum products,electric power,secondary energy,unclean energy,fossil fuel energy,
PAEIK,"Factor for converting all petroleum products consumed by the electric power sector from physical units to Btu, United States only.",Million Btu per barrel,all petroleum products,electric power,secondary energy,unclean energy,fossil fuel energy,
PAEIP,All petroleum products consumed by the electric power sector.,Thousand barrels,all petroleum products,electric power,secondary energy,unclean energy,fossil fuel energy,
PAEIV,All petroleum products total expenditures in the electric power sector.,Million dollars,all petroleum products,electric power,secondary energy,unclean energy,fossil fuel energy,
PAHCK,"Factor for converting all petroleum products consumed by the residential and commercial sectors from physical units to Btu, United States only.",Million Btu per barrel,all petroleum products,commercial,secondary energy,unclean energy,fossil fuel energy,
PAICB,All petroleum products consumed by the industrial sector.,Billion Btu,all petroleum products,industrial,secondary energy,unclean energy,fossil fuel energy,
PAICD,All petroleum products average price in the industrial sector.,Dollars per million Btu,all petroleum products,industrial,secondary energy,unclean energy,fossil fuel energy,
PAICK,"Factor for converting all petroleum products consumed by the industrial sector from physical units to Btu, United States only.",Million Btu per barrel,all petroleum products,industrial,secondary energy,unclean energy,fossil fuel energy,
PAICP,All petroleum products consumed by the industrial sector.,Thousand barrels,all petroleum products,industrial,secondary energy,unclean energy,fossil fuel energy,
PAICV,All petroleum products total expenditures in the industrial sector.,Million dollars,all petroleum products,industrial,secondary energy,unclean energy,fossil fuel energy,
PAPRB,Crude oil production (including lease condensate).,Billion Btu,crude oil,,primary energy,unclean energy,fossil fuel energy,non-renewable
PAPRP,Crude oil production (including lease condensate).,Thousand barrels,crude oil,,primary energy,unclean energy,fossil fuel energy,non-renewable
PARCB,All petroleum products consumed by the residential sector.,Billion Btu,all petroleum products,residential,secondary energy,unclean energy,fossil fuel energy,
PARCD,All petroleum products average price in the residential sector.,Dollars per million Btu,all petroleum products,residential,secondary energy,unclean energy,fossil fuel energy,
PARCK,"Factor for converting all petroleum products consumed by the residential sector from physical units to Btu, United States only.",Million Btu per barrel,all petroleum products,residential,secondary energy,unclean energy,fossil fuel energy,
PARCP,All petroleum products consumed by the residential sector.,Thousand barrels,all petroleum products,residential,secondary energy,unclean energy,fossil fuel energy,
PARCV,All petroleum products total expenditures in the residential sector.,Million dollars,all petroleum products,residential,secondary energy,unclean energy,fossil fuel energy,
PATCB,All petroleum products total consumption.,Billion Btu,all petroleum products,total,secondary energy,unclean energy,fossil fuel energy,
PATCD,"All petroleum products average price, all sectors.",Dollars per million Btu,all petroleum products,,secondary energy,unclean energy,fossil fuel energy,
PATCK,"Factor for converting all petroleum products total consumption from physical units to Btu, United States only.",Million Btu per barrel,all petroleum products,total,secondary energy,unclean energy,fossil fuel energy,
PATCP,All petroleum products total consumption.,Thousand barrels,all petroleum products,total,secondary energy,unclean energy,fossil fuel energy,
PATCV,All petroleum products total expenditures.,Million dollars,all petroleum products,total,secondary energy,unclean energy,fossil fuel energy,
PATXB,All petroleum products total end-use consumption.,Billion Btu,all petroleum products,total,secondary energy,unclean energy,fossil fuel energy,
PATXD,"All petroleum products average price, all end-use sectors.",Dollars per million Btu,all petroleum products,end-use,secondary energy,unclean energy,fossil fuel energy,
PATXP,All petroleum products total end-use consumption.,Thousand barrels,all petroleum products,total,secondary energy,unclean energy,fossil fuel energy,
PATXV,All petroleum products total end-use expenditures.,Million dollars,all petroleum products,total,secondary energy,unclean energy,fossil fuel energy,
PCCCB,Petroleum coke consumed by the commercial sector.,Billion Btu,petroleum coke,commercial,secondary energy,unclean energy,fossil fuel energy,
PCCCD,Petroleum coke price in the commercial sector.,Dollars per million Btu,petroleum coke,commercial,secondary energy,unclean energy,fossil fuel energy,
PCCCP,Petroleum coke consumed by the commercial sector.,Thousand barrels,petroleum coke,commercial,secondary energy,unclean energy,fossil fuel energy,
PCCCV,Petroleum coke expenditures in the commercial sector.,Million dollars,petroleum coke,commercial,secondary energy,unclean energy,fossil fuel energy,
PCEIB,Petroleum coke consumed by the electric power sector.,Billion Btu,petroleum coke,electric power,secondary energy,unclean energy,fossil fuel energy,
PCEID,Petroleum coke price in the electric power sector.,Dollars per million Btu,petroleum coke,electric power,secondary energy,unclean energy,fossil fuel energy,
PCEIP,Petroleum coke consumed by the electric power sector.,Thousand barrels,petroleum coke,electric power,secondary energy,unclean energy,fossil fuel energy,
PCEIV,Petroleum coke expenditures in the electric power sector.,Million dollars,petroleum coke,electric power,secondary energy,unclean energy,fossil fuel energy,
PCICB,Petroleum coke consumed by the industrial sector.,Billion Btu,petroleum coke,industrial,secondary energy,unclean energy,fossil fuel energy,
PCICD,Petroleum coke price in the industrial sector.,Dollars per million Btu,petroleum coke,industrial,secondary energy,unclean energy,fossil fuel energy,
PCICP,Petroleum coke consumed by the industrial sector.,Thousand barrels,petroleum coke,industrial,secondary energy,unclean energy,fossil fuel energy,
PCICV,Petroleum coke expenditures in the industrial sector.,Million dollars,petroleum coke,industrial,secondary energy,unclean energy,fossil fuel energy,
PCISB,Petroleum coke price in the industrial sector excluding refinery fuel.,Billion Btu,petroleum coke,industrial,secondary energy,unclean energy,fossil fuel energy,
PCRFB,Petroleum coke consumed as refinery fuel.,Billion Btu,petroleum coke,,secondary energy,unclean energy,fossil fuel energy,
PCTCB,Petroleum coke total consumption.,Billion Btu,petroleum coke,total,secondary energy,unclean energy,fossil fuel energy,
PCTCD,"Petroleum coke average price, all sectors.",Dollars per million Btu,petroleum coke,,secondary energy,unclean energy,fossil fuel energy,
PCTCP,Petroleum coke total consumption.,Thousand barrels,petroleum coke,total,secondary energy,unclean energy,fossil fuel energy,
PCTCV,Petroleum coke total expenditures.,Million dollars,petroleum coke,total,secondary energy,unclean energy,fossil fuel energy,
PEACD,Primary energy average price in the transportation sector.,Dollars per million Btu,primary energy,transportation,primary energy,,,
PEACV,Primary energy total expenditures in the transportation sector.,Million dollars,primary energy,transportation,primary energy,,,
PECCD,Primary energy average price in the commercial sector.,Dollars per million Btu,primary energy,commercial,primary energy,,,
PECCV,Primary energy total expenditures in the commercial sector.,Million dollars,primary energy,commercial,primary energy,,,
PEEID,Primary energy average price in the electric power sector.,Dollars per million Btu,primary energy,electric power,primary energy,,,
PEEIV,Primary energy total expenditures in the electric power sector.,Million dollars,primary energy,electric power,primary energy,,,
PEICD,Primary energy average price in the industrial sector.,Dollars per million Btu,primary energy,industrial,primary energy,,,
PEICV,Primary energy total expenditures in the industrial sector.,Million dollars,primary energy,industrial,primary energy,,,
PERCD,Primary energy average price in the residential sector.,Dollars per million Btu,primary energy,residential,primary energy,,,
PERCV,Primary energy total expenditures in the residential sector.,Million dollars,primary energy,residential,primary energy,,,
PETCD,"Primary energy average price, all sectors.",Dollars per million Btu,primary energy,,primary energy,,,
PETCV,Primary energy total expenditures.,Million dollars,primary energy,total,primary energy,,,
PETXD,"Primary energy average price, all end-use sectors.",Dollars per million Btu,primary energy,end-use,primary energy,,,
PETXV,Primary energy total end-use expenditures.,Million dollars,primary energy,total,primary energy,,,
PLICB,Plant condensate consumed by the industrial sector.,Billion Btu,plant condensate,industrial,secondary energy,unclean energy,fossil fuel energy,
PLICP,Plant condensate consumed by the industrial sector.,Thousand barrels,plant condensate,industrial,secondary energy,unclean energy,fossil fuel energy,
PMTCB,All petroleum products total consumption excluding fuel ethanol.,Billion Btu,fuel ethanol,total,secondary energy,clean energy,fossil fuel energy,
POICB,Other petroleum products consumed by the industrial sector.,Billion Btu,other petroleum products,industrial,secondary energy,unclean energy,fossil fuel energy,
POICD,Other petroleum products average price in the industrial sector.,Dollars per million Btu,other petroleum products,industrial,secondary energy,unclean energy,fossil fuel energy,
POICP,Other petroleum products consumed by the industrial sector.,Thousand barrels,other petroleum products,industrial,secondary energy,unclean energy,fossil fuel energy,
POICV,Other petroleum products total expenditures in the industrial sector.,Million dollars,other petroleum products,industrial,secondary energy,unclean energy,fossil fuel energy,
POTCB,Other petroleum products total consumption.,Billion Btu,other petroleum products,total,secondary energy,unclean energy,fossil fuel energy,
POTCD,"Other petroleum products average price, all sectors.",Dollars per million Btu,other petroleum products,,secondary energy,unclean energy,fossil fuel energy,
POTCP,Other petroleum products total consumption.,Thousand barrels,other petroleum products,total,secondary energy,unclean energy,fossil fuel energy,
POTCV,Other petroleum products total expenditures.,Million dollars,other petroleum products,total,secondary energy,unclean energy,fossil fuel energy,
POTXB,Other petroleum products total end-use consumption.,Billion Btu,other petroleum products,total,secondary energy,unclean energy,fossil fuel energy,
POTXD,"Other petroleum products average price, all end-use sectors.",Dollars per million Btu,other petroleum products,end-use,secondary energy,unclean energy,fossil fuel energy,
POTXP,Other petroleum products total end-use consumption.,Thousand barrels,other petroleum products,total,secondary energy,unclean energy,fossil fuel energy,
POTXV,Other petroleum products total end-use expenditures.,Million dollars,other petroleum products,total,secondary energy,unclean energy,fossil fuel energy,
PPICB,Pentanes plus consumed by the industrial sector.,Billion Btu,pentanes plus,industrial,secondary energy,unclean energy,fossil fuel energy,
PPICP,Pentanes plus consumed by the industrial sector.,Thousand barrels,pentanes plus,industrial,secondary energy,unclean energy,fossil fuel energy,
REPRB,Renewable energy production.,Billion Btu,renewable energy,,,,,renewable
RETCB,Renewable energy total consumption.,Billion Btu,renewable energy,total,,,,renewable
RFACB,,Billion Btu,residual fuel oil,transportation,secondary energy,unclean energy,fossil fuel energy,
RFACD,Residual fuel oil price in the transportation sector.,Dollars per million Btu,residual fuel oil,transportation,secondary energy,unclean energy,fossil fuel energy,
RFACP,Residual fuel oil consumed by the transportation sector.,Thousand barrels,residual fuel oil,transportation,secondary energy,unclean energy,fossil fuel energy,
RFACV,Residual fuel oil expenditures in the transportation sector.,Million dollars,residual fuel oil,transportation,secondary energy,unclean energy,fossil fuel energy,
RFCCB,Residual fuel oil consumed by the commercial sector.,Billion Btu,residual fuel oil,commercial,secondary energy,unclean energy,fossil fuel energy,
RFCCD,Residual fuel oil price in the commercial sector.,Dollars per million Btu,residual fuel oil,commercial,secondary energy,unclean energy,fossil fuel energy,
RFCCP,Residual fuel oil consumed by the commercial sector.,Thousand barrels,residual fuel oil,commercial,secondary energy,unclean energy,fossil fuel energy,
RFCCV,Residual fuel oil expenditures in the commercial sector.,Million dollars,residual fuel oil,commercial,secondary energy,unclean energy,fossil fuel energy,
RFEIB,Residual fuel oil consumed by the electric power sector.,Billion Btu,residual fuel oil,electric power,secondary energy,unclean energy,fossil fuel energy,
RFEID,Residual fuel oil price in the electric power sector.,Dollars per million Btu,residual fuel oil,electric power,secondary energy,unclean energy,fossil fuel energy,
RFEIP,Residual fuel oil consumed by the electric power sector.,Thousand barrels,residual fuel oil,electric power,secondary energy,unclean energy,fossil fuel energy,
RFEIV,Residual fuel oil expenditures in the electric power sector.,Million dollars,residual fuel oil,electric power,secondary energy,unclean energy,fossil fuel energy,
RFICB,Residual fuel oil consumed by the industrial sector.,Billion Btu,residual fuel oil,industrial,secondary energy,unclean energy,fossil fuel energy,
RFICD,Residual fuel oil price in the industrial sector.,Dollars per million Btu,residual fuel oil,industrial,secondary energy,unclean energy,fossil fuel energy,
RFICP,Residual fuel oil consumed by the industrial sector,Thousand barrels,residual fuel oil,industrial,secondary energy,unclean energy,fossil fuel energy,
RFICV,Residual fuel oil expenditures in the industrial sector.,Million dollars,residual fuel oil,industrial,secondary energy,unclean energy,fossil fuel energy,
RFISB,Residual fuel oil consumed by the industrial sector excluding refinery fuel.,Billion Btu,residual fuel oil,industrial,secondary energy,unclean energy,fossil fuel energy,
RFRFB,Residual fuel oil consumed as refinery fuel.,Billion Btu,residual fuel oil,,secondary energy,unclean energy,fossil fuel energy,
RFTCB,Residual fuel oil total consumption.,Billion Btu,residual fuel oil,total,secondary energy,unclean energy,fossil fuel energy,
RFTCD,"Residual fuel oil average price, all sectors.",Dollars per million Btu,residual fuel oil,,secondary energy,unclean energy,fossil fuel energy,
RFTCP,Residual fuel oil total consumption.,Thousand barrels,residual fuel oil,total,secondary energy,unclean energy,fossil fuel energy,
RFTCV,Residual fuel oil total expenditures.,Million dollars,residual fuel oil,total,secondary energy,unclean energy,fossil fuel energy,
RFTXB,Residual fuel oil total end-use consumption.,Billion Btu,residual fuel oil,total,secondary energy,unclean energy,fossil fuel energy,
RFTXD,"Residual fuel oil average price, all end-use sectors.",Dollars per million Btu,residual fuel oil,end-use,secondary energy,unclean energy,fossil fuel energy,
RFTXP,Residual fuel oil total end-use consumption.,Thousand barrels,residual fuel oil,total,secondary energy,unclean energy,fossil fuel energy,
RFTXV,Residual fuel oil total end-use expenditures.,Million dollars,residual fuel oil,total,secondary energy,unclean energy,fossil fuel energy,
ROPRB,"Renewable energy production, other than fuel ethanol.",Billion Btu,fuel ethanol,,secondary energy,clean energy,fossil fuel energy,
SFCCB,Supplemental gaseous fuels consumed by the commercial sector.,Billion Btu,supplemental gaseous fuels,commercial,secondary energy,unclean energy,fossil fuel energy,
SFEIB,Supplemental gaseous fuels consumed by the electric power sector.,Billion Btu,supplemental gaseous fuels,electric power,secondary energy,unclean energy,fossil fuel energy,
SFINB,Supplemental gaseous fuels consumed by the industrial sector.,Billion Btu,supplemental gaseous fuels,industrial,secondary energy,unclean energy,fossil fuel energy,
SFRCB,Supplemental gaseous fuels consumed by the residential sector.,Billion Btu,supplemental gaseous fuels,residential,secondary energy,unclean energy,fossil fuel energy,
SFTCB,Supplemental gaseous fuels total consumption.,Billion Btu,supplemental gaseous fuels,total,secondary energy,unclean energy,fossil fuel energy,
SGICB,Still gas consumed by the industrial sector.,Billion Btu,still gas,industrial,secondary energy,unclean energy,fossil fuel energy,
SGICP,Still gas consumed by the industrial sector.,Thousand barrels,still gas,industrial,secondary energy,unclean energy,fossil fuel energy,
SNICB,Special naphthas consumed by the industrial sector.,Billion Btu,special naphthas,industrial,secondary energy,unclean energy,fossil fuel energy,
SNICD,Special naphthas price in the industrial sector.,Dollars per million Btu,special naphthas,industrial,secondary energy,unclean energy,fossil fuel energy,
SNICP,Special naphthas consumed by the industrial sector.,Thousand barrels,special naphthas,industrial,secondary energy,unclean energy,fossil fuel energy,
SNICV,Special naphthas expenditures in the industrial sector.,Million dollars,special naphthas,industrial,secondary energy,unclean energy,fossil fuel energy,
SOEGB,Electricity produced from photovoltaic and solar thermal energy by the electric power sector.,Billion Btu,electricity,electric power,secondary energy,clean energy,,
SOEGP,Electricity produced from photovoltaic and solar thermal energy by the electric power sector.,Million kilowatthours,electricity,electric power,secondary energy,clean energy,,
SOHCB,Solar thermal energy consumed by the residential and commercial sectors.,Billion Btu,,commercial,,,,
SOTCB,Photovoltaic and solar thermal energy total consumption.,Billion Btu,photovoltaic and solar thermal energy,total,primary energy,clean energy,solar thermal energy,renewable
SOTXB,Photovoltaic and solar thermal energy total end-use consumption.,Billion Btu,photovoltaic and solar thermal energy,total,primary energy,clean energy,solar thermal energy,renewable
TEACB,Total energy consumed by the transportation sector.,Billion Btu,total energy,transportation,,,,
TEACD,Total energy average price in the transportation sector.,Dollars per million Btu,total energy,transportation,,,,
TEACV,Total energy expenditures in the transportation sector.,Million dollars,total energy,transportation,,,,
TECCB,Total energy consumed by the commercial sector.,Billion Btu,total energy,commercial,,,,
TECCD,Total energy average price in the commercial sector.,Dollars per million Btu,total energy,commercial,,,,
TECCV,Total energy expenditures in the commercial sector.,Million dollars,total energy,commercial,,,,
TEEIB,Total energy consumed by the electric power sector.,Billion Btu,total energy,electric power,,,,
TEGDS,Energy expenditures as share of current-dollar GDP.,Percent,,,,,,
TEICB,Total energy consumed by the industrial sector.,Billion Btu,total energy,industrial,,,,
TEICD,Total energy average price in the industrial sector.,Dollars per million Btu,total energy,industrial,,,,
TEICV,Total energy expenditures in the industrial sector.,Million dollars,total energy,industrial,,,,
TEPFB,Total energy used as process fuel.,Billion Btu,total energy,total,,,,
TEPRB,Total energy production.,Billion Btu,total energy,total,,,,
TERCB,Total energy consumed by the residential sector.,Billion Btu,total energy,residential,,,,
TERCD,Total energy average price in the residential sector.,Dollars per million Btu,total energy,residential,,,,
TERCV,Total energy total expenditures in the residential sector.,Million dollars,total energy,residential,,,,
TERFB,Total energy used as refinery fuel.,Billion Btu,total energy,total,,,,
TETCB,Total energy consumption.,Billion Btu,total energy,total,,,,
TETCD,Total energy average price.,Dollars per million Btu,total energy,total,,,,
TETCV,Total energy expenditures.,Million dollars,total energy,total,,,,
TETGR,Total energy consumed per dollar of real gross domestic product.,Thousand Btu per chained (2000) dollar,total energy,total,,,,
TETPB,Total energy consumption per capita.,Million Btu,total energy,total,,,,
TETPV,Total energy expenditures per capita.,Dollars,total energy,total,,,,
TETXB,Total end-use energy consumption.,Billion Btu,,total,,,,
TETXD,Total end-use energy average price.,Dollars per million Btu,,total,,,,
TETXV,Total end-use energy expenditures.,Million dollars,,total,,,,
TNACB,Total energy consumed by the transportation sector excluding the sector's share of electrical system energy losses.,Billion Btu,total energy,transportation,,,,
TNCCB,Total energy consumed by the commercial sector excluding the sector's share of electrical system energy losses.,Billion Btu,total energy,commercial,,,,
TNICB,Total energy consumed by the industrial sector excluding the sector's share of electrical system energy losses.,Billion Btu,total energy,industrial,,,,
TNRCB,Total energy consumed by the residential sector excluding the sector's share of electrical system energy losses.,Billion Btu,total energy,residential,,,,
TNSCB,Total primary energy and electricity consumed.,Billion Btu,electricity,total,secondary energy,clean energy,,
TNTXB,Total primary energy and electricity consumed by the end-use sectors.,Billion Btu,electricity,total,secondary energy,clean energy,,
TPOPP,Resident population including Armed Forces.,Thousand,resident population,,,,,
UOICB,Unfinished oils consumed by the industrial sector.,Billion Btu,unfinished oils,industrial,secondary energy,unclean energy,fossil fuel energy,
UOICP,Unfinished oils consumed by the industrial sector.,Thousand barrels,unfinished oils,industrial,secondary energy,unclean energy,fossil fuel energy,
USICB,Unfractionated stream consumed by the industrial sector.,Billion Btu,unfractionated stream,industrial,secondary energy,unclean energy,fossil fuel energy,
USICP,Unfractionated stream consumed by the industrial sector.,Thousand barrels,unfractionated stream,industrial,secondary energy,unclean energy,fossil fuel energy,
WDCCB,Wood consumed by the commercial sector,Billion Btu,wood,commercial,primary energy,clean energy,biomass,renewable
WDEIB,Wood and waste consumed by the electric power sector.,Billion Btu,wood,electric power,primary energy,clean energy,biomass,renewable
WDICB,Wood consumed by the industrial sector.,Billion Btu,wood,industrial,primary energy,clean energy,biomass,renewable
WDRCB,Wood consumed by the residential sector.,Billion Btu,wood,residential,primary energy,clean energy,biomass,renewable
WDRCD,Wood price in the residential sector.,Dollars per million Btu,wood,residential,primary energy,clean energy,biomass,renewable
WDRCP,Wood consumed by the residential sector.,Thousand cords,wood,residential,primary energy,clean energy,biomass,renewable
WDRCV,Wood expenditures in the residential sector.,Million dollars,wood,residential,primary energy,clean energy,biomass,renewable
WDRSB,Wood consumed in the residential sector at a cost.,Billion Btu,wood,residential,primary energy,clean energy,biomass,renewable
WDRXB,Wood consumed in the residential sector at no cost.,Billion Btu,wood,residential,primary energy,clean energy,biomass,renewable
WSCCB,Waste consumed by the commercial sector,Billion Btu,,commercial,,,,
WSEIB,Waste consumed by the electric power sector.,Billion Btu,,electric power,,,,
WSICB,Waste consumed by the industrial sector.,Billion Btu,,industrial,,,,
WWCCB,Wood and waste consumed by the commercial sector.,Billion Btu,wood,commercial,primary energy,clean energy,biomass,renewable
WWCCD,Wood and waste price in the commercial sector.,Dollars per million Btu,wood,commercial,primary energy,clean energy,biomass,renewable
WWCCV,Wood and waste expenditures in the commercial sector.,Million dollars,wood,commercial,primary energy,clean energy,biomass,renewable
WWCSB,Wood and waste consumed in the commercial sector at a cost.,Billion Btu,wood,commercial,primary energy,clean energy,biomass,renewable
WWCXB,Wood and waste consumed in the commercial sector at no cost.,Billion Btu,wood,commercial,primary energy,clean energy,biomass,renewable
WWEIB,Wood and waste consumed by the electric power sector.,Billion Btu,wood,electric power,primary energy,clean energy,biomass,renewable
WWEID,Wood and waste price in the electric power sector.,Dollars per million Btu,wood,electric power,primary energy,clean energy,biomass,renewable
WWEIV,Wood and waste expenditures in the electric power sector.,Million dollars,wood,electric power,primary energy,clean energy,biomass,renewable
WWICB,Wood and waste consumed by the industrial sector.,Billion Btu,wood,industrial,primary energy,clean energy,biomass,renewable
WWICD,Wood and waste price in the industrial sector.,Dollars per million Btu,wood,industrial,primary energy,clean energy,biomass,renewable
WWICV,Wood and waste expenditures in the industrial sector.,Million dollars,wood,industrial,primary energy,clean energy,biomass,renewable
WWISB,Wood and waste consumed in the industrial sector at a cost.,Billion Btu,wood,industrial,primary energy,clean energy,biomass,renewable
WWIXB,Wood and waste consumed in the industrial sector at no cost.,Billion Btu,wood,industrial,primary energy,clean energy,biomass,renewable
WWTCB,Wood and waste total consumption.,Billion Btu,wood,total,primary energy,clean energy,biomass,renewable
WWTCD,"Wood and waste average price, all sectors.",Dollars per million Btu,wood,,primary energy,clean energy,biomass,renewable
WWTCV,Wood and waste total expenditures.,Million dollars,wood,total,primary energy,clean energy,biomass,renewable
WWTXB,Wood and waste total end-use consumption.,Billion Btu,wood,total,primary energy,clean energy,biomass,renewable
WWTXD,"Wood and waste average price, all end-use sectors.",Dollars per million Btu,wood,end-use,primary energy,clean energy,biomass,renewable
WWTXV,Wood and waste total end-use expenditures.,Million dollars,wood,total,primary energy,clean energy,biomass,renewable
WXICB,Waxes consumed by the industrial sector.,Billion Btu,waxes,industrial,secondary energy,unclean energy,fossil fuel energy,
WXICD,Waxes price in the industrial sector.,Dollars per million Btu,waxes,industrial,secondary energy,unclean energy,fossil fuel energy,
WXICP,Waxes consumed by the industrial sector.,Thousand barrels,waxes,industrial,secondary energy,unclean energy,fossil fuel energy,
WXICV,Waxes expenditures in the industrial sector.,Million dollars,waxes,industrial,secondary energy,unclean energy,fossil fuel energy,
WYEGB,Electricity produced from wind energy by the electric power sector.,Billion Btu,electricity,electric power,secondary energy,clean energy,,
WYEGP,Electricity produced from wind energy by the electric power sector.,Million kilowatthours,electricity,electric power,secondary energy,clean energy,,
WYTCB,Electricity produced from wind energy.,Billion Btu,electricity,,secondary energy,clean energy,,
